--
-- Copyright (c) 2011-2025 Ricardo do Canto
--
-- Licensed under the Apache License, Version 2.0 (the "License");
-- you may not use this file except in compliance with the License.
-- You may obtain a copy of the License at
--
--     http://www.apache.org/licenses/LICENSE-2.0
--
-- Unless required by applicable law or agreed to in writing, software
-- distributed under the License is distributed on an "AS IS" BASIS,
-- WITHOUT WARRANTIES OR CONDITIONS OF ANY KIND, either express or implied.
-- See the License for the specific language governing permissions and
-- limitations under the License.
--

-- Description: Insert the data of the 1989 triathlon related events in Portugal
-- SQL Commands to insert the data provided by the 1989-[EventStore] spreadsheet

-- endurancetrio.event table
-- -------------------------
INSERT INTO
  endurancetrio.event (id, event_reference, title, start_date, end_date, city, county, district)
VALUES
  (40, '19890305APT001', '1º Biatlo de Ponte de Sor', '1989-03-05', '1989-03-05', 'Ponte de Sor', 'Ponte de Sor', 'Portalegre'),
  (41, '19890318FPT001', 'Biatlo Jovem Nauticampo', '1989-03-18', '1989-03-18', 'Lisboa', 'Lisboa', 'Lisboa'),
  (42, '19890319APT001', '2º Biatlo de Porto de Mós', '1989-03-19', '1989-03-19', 'Porto de Mós', 'Porto de Mós', 'Leiria'),
  (43, '19890402APT001', '2º Biatlo do Concelho de Loures', '1989-04-02', '1989-04-02', 'Loures', 'Loures', 'Lisboa'),
  (44, '19890409APT001', '1º Biatlo de Almodôvar', '1989-04-09', '1989-04-09', 'Almodôvar', 'Almodôvar', 'Beja'),
  (45, '19890416APT001', '3º Biatlo do Porto', '1989-04-16', '1989-04-16', 'Porto', 'Porto', 'Porto'),
  (46, '19890430FTP001', '1º Triatlo de Alpiarça', '1989-04-30', '1989-04-30', 'Alpiarça', 'Alpiarça', 'Santarém'),
  (47, '19890521FTP001', '1º Triatlo Cidade de Gaia', '1989-05-21', '1989-05-21', 'Vila Nova de Gaia', 'Vila Nova de Gaia', 'Porto'),
  (48, '19890527FTP001', 'Triatlo Internacional da Costa Azul', '1989-05-27', '1989-05-27', 'Grândola', 'Grândola', 'Setúbal'),
  (49, '19890604FTP001', '2º Triatlo do Ambiente', '1989-06-04', '1989-06-04', 'Paço de Arcos', 'Oeiras', 'Lisboa'),
  (50, '19890611FTP001', 'Triatlo Internacional de Promoção', '1989-06-11', '1989-06-11', 'Cascais', 'Cascais', 'Lisboa'),
  (51, '19890625FTP001', 'I Biatlo do Regimento de Comandos da Amadora', '1989-06-25', '1989-06-25', 'Amadora', 'Amadora', 'Lisboa'),
  (52, '19890625FTP002', 'Triatlo de Almodôvar', '1989-06-25', '1989-06-25', 'Almodôvar', 'Almodôvar', 'Beja'),
  (53, '19890702FTP001', 'Triatlo de Coimbra', '1989-07-02', '1989-07-02', 'Coimbra', 'Coimbra', 'Coimbra'),
  (54, '19890709FTP001', 'Biatlo de Oliveira de Azeméis', '1989-07-09', '1989-07-09', 'Oliveira de Azeméis', 'Oliveira de Azeméis', 'Aveiro'),
  (55, '19890716FTP001', '1º Triatlo Concelho da Lourinhã', '1989-07-16', '1989-07-16', 'Lourinhã', 'Lourinhã', 'Lisboa'),
  (56, '19890722FTP001', 'III Triatlo do Coimbrão', '1989-07-22', '1989-07-22', 'Coimbrão', 'Leiria', 'Leiria'),
  (57, '19890815FTP001', 'VI Triatlo de Peniche', '1989-08-15', '1989-08-15', 'Peniche', 'Peniche', 'Leiria'),
  (58, '19890820FTP001', 'I Triatlo de Oliveira de Frades', '1989-08-20', '1989-08-20', 'Oliveira de Frades', 'Oliveira de Frades', 'Viseu'),
  (59, '19890827FTP001', 'I Triatlo da Carregueira', '1989-08-27', '1989-08-27', 'Carregueira', 'Chamusca', 'Santarém'),
  (60, '19890910FTP001', 'II Triatlo de Óbidos', '1989-09-10', '1989-09-10', 'Óbidos', 'Óbidos', 'Leiria'),
  (61, '19890924FTP001', 'III Triatlo de Lagos', '1989-09-24', '1989-09-24', 'Lagos', 'Lagos', 'Faro'),
  (62, '19890930FTP001', 'I Triatlo de Ferreira do Alentejo', '1989-07-30', '1989-07-30', 'Ferreira do Alentejo', 'Ferreira do Alentejo', 'Beja'),
  (63, '19891007FTP001', '3º Triatlo de Ponte de Sor', '1989-10-07', '1989-10-07', 'Ponte de Sor', 'Ponte de Sor', 'Portalegre'),
  (64, '19891014FTP001', 'Triatlo da Golegã', '1989-10-14', '1989-10-14', 'Golegã', 'Golegã', 'Santarém'),
  (65, '19891021FTP001', 'Triatlo Cidade de Figueira da Foz', '1989-10-21', '1989-10-21', 'Figueira da Foz', 'Figueira da Foz', 'Coimbra');


-- endurancetrio.organizer table
-- -----------------------------
INSERT INTO
  endurancetrio.organizer (id, name, city, county, district, organizer_type)
VALUES
  (34, 'Federação de Triatlo de Portugal', 'Murganhal', 'Oeiras', 'Lisboa', 'PRIVATE'),
  (35, 'Associação Industrial Portuguesa', 'Lisboa', 'Lisboa', 'Lisboa', 'PRIVATE'),
  (36, 'Grupo Desportivo Bicicletas Altis', 'Porto', 'Porto', 'Porto', 'CLUB'),
  (37, 'Câmara Municipal de Alpiarça', 'Alpiarça', 'Alpiarça', 'Santarém', 'PUBLIC'),
  (38, 'Câmara Municipal de Gaia', 'Vila Nova de Gaia', 'Vila Nova de Gaia', 'Porto', 'PUBLIC'),
  (39, 'Regimento de Comandos da Amadora', 'Amadora', 'Amadora', 'Lisboa', 'PUBLIC'),
  (40, 'Câmara Municipal de Coimbra', 'Coimbra', 'Coimbra', 'Coimbra', 'PUBLIC'),
  (41, 'Câmara Municipal da Lourinhã', 'Lourinhã', 'Lourinhã', 'Lisboa', 'PUBLIC'),
  (42, 'Câmara Municipal de Oliveira de Frades', 'Oliveira de Frades', 'Oliveira de Frades', 'Viseu', 'PUBLIC'),
  (43, 'Grupo Desportivo União Carregueirense', 'Carregueira', 'Chamusca', 'Santarém', 'CLUB'),
  (44, 'Câmara Municipal de Ferreira do Alentejo', 'Ferreira do Alentejo', 'Ferreira do Alentejo', 'Beja', 'PUBLIC'),
  (45, 'Câmara Municipal da Golegã', 'Golegã', 'Golegã', 'Santarém', 'PUBLIC'),
  (46, 'Câmara Municipal da Figueira da Foz', 'Figueira da Foz', 'Figueira da Foz', 'Coimbra', 'PUBLIC');


-- endurancetrio.event_organizer table
-- -----------------------------------
INSERT INTO
  endurancetrio.event_organizer (event_id, organizer_id)
VALUES
  (40, 16),
  (40, 12),
  (41, 34),
  (41, 35),
  (42, 22),
  (43, 10),
  (43, 12),
  (44, 29),
  (44, 12),
  (45, 36),
  (46, 37),
  (46, 34),
  (47, 38),
  (48, 20),
  (49, 28),
  (50, 4),
  (50, 3),
  (50, 37),
  (51, 39),
  (52, 29),
  (52, 37),
  (53, 37),
  (54, 17),
  (55, 41),
  (56, 30),
  (57, 2),
  (58, 34),
  (58, 42),
  (59, 43),
  (60, 32),
  (61, 34),
  (61, 18),
  (62, 44),
  (63, 12),
  (63, 16),
  (64, 45),
  (65, 46);


-- endurancetrio.event_file table
-- ------------------------------
INSERT INTO
  endurancetrio.event_file (id, event_id, title, revision, is_active, file_name, file_type)
VALUES
  (78, 40, 'Regulamento', 1, true, '19890305APT001-REG001-01.pdf', 'RULES'),
  (79, 40, 'Percursos', 1, true, '19890305APT001-MAP001-01.pdf', 'COURSE_MAPS'),
  (80, 41, 'Cartaz', 1, true, '19890318FPT001-IMG001-01.png', 'POSTER'),
  (81, 44, 'Cartaz', 1, true, '19890409APT001-IMG001-01.png', 'POSTER'),
  (82, 44, 'Regulamento', 1, true, '19890409APT001-REG001-01.pdf', 'RULES'),
  (83, 44, 'Percursos', 1, true, '19890409APT001-MAP001-01.pdf', 'COURSE_MAPS'),
  (84, 46, 'Regulamento', 1, true, '19890430FTP001-REG001-01.pdf', 'RULES'),
  (85, 47, 'Cartaz', 1, true, '19890521FTP001-IMG001-01.png', 'POSTER'),
  (86, 49, 'Cartaz', 1, true, '19890604FTP001-IMG001-01.png', 'POSTER'),
  (87, 49, 'Percursos', 1, true, '19890604FTP001-MAP001-01.pdf', 'COURSE_MAPS'),
  (88, 50, 'Cartaz', 1, true, '19890611FTP001-IMG001-01.png', 'POSTER'),
  (89, 51, 'Regulamento', 1, true, '19890625FTP001-REG001-01.pdf', 'RULES'),
  (90, 51, 'Percursos', 1, true, '19890625FTP001-MAP001-01.pdf', 'COURSE_MAPS'),
  (91, 58, 'Cartaz', 1, true, '19890820FTP001-IMG001-01.png', 'POSTER'),
  (92, 58, 'Percursos', 1, true, '19890820FTP001-MAP001-01.pdf', 'COURSE_MAPS'),
  (93, 59, 'Cartaz', 1, true, '19890827FTP001-IMG001-01.pdf', 'POSTER'),
  (94, 59, 'Regulamento', 1, true, '19890827FTP001-REG001-01.pdf', 'RULES'),
  (95, 59, 'Percursos', 1, true, '19890827FTP001-MAP001-01.pdf', 'COURSE_MAPS'),
  (96, 63, 'Cartaz', 1, true, '19891007FTP001-IMG001-01.png', 'POSTER'),
  (97, 63, 'Regulamento', 1, true, '19891007FTP001-REG001-01.pdf', 'RULES'),
  (98, 63, 'Percursos', 1, true, '19891007FTP001-MAP001-01.pdf', 'COURSE_MAPS'),
  (99, 65, 'Regulamento', 1, true, '19891021FTP001-REG001-01.pdf', 'RULES'),
  (100, 65, 'Percursos', 1, true, '19891021FTP001-MAP001-01.pdf', 'COURSE_MAPS');


-- endurancetrio.distance table
-- ----------------------------
INSERT INTO
  endurancetrio.distance (id, distance_type)
VALUES
  (41, 'SPRINT'),
  (42, 'YOUTH'),
  (43, 'STANDARD'),
  (44, 'STANDARD'),
  (45, 'SPRINT'),
  (46, 'STANDARD'),
  (47, 'STANDARD'),
  (48, 'STANDARD'),
  (49, 'STANDARD'),
  (50, 'SPRINT'),
  (51, 'SPRINT'),
  (52, 'STANDARD'),
  (53, 'SPRINT'),
  (54, 'STANDARD'),
  (55, 'STANDARD'),
  (56, 'STANDARD'),
  (57, 'STANDARD'),
  (58, 'STANDARD'),
  (59, 'STANDARD'),
  (60, 'SPRINT'),
  (61, 'STANDARD'),
  (62, 'STANDARD'),
  (63, 'STANDARD'),
  (64, 'MIDDLE_DISTANCE'),
  (65, 'SPRINT'),
  (66, 'STANDARD'),
  (67, 'STANDARD');


-- endurancetrio.duathlon_distance table
-- -------------------------------------
INSERT INTO
  endurancetrio.duathlon_distance (id, first_run_distance, first_run_laps, bike_distance, bike_laps, second_run_distance, second_run_laps)
VALUES
  (41, 5000, 1, 30000, 1, 5000, 1),
  (42, 1000, 1, 8000, 1, 1000, 1),
  (43, 5000, 1, 42000, 1, 5000, 1),
  (44, 5000, 1, 40000, 1, 5000, 1),
  (45, 5500, 1, 30000, 1, 5500, 1),
  (46, 5000, 1, 47000, 1, 5000, 1),
  (52, 5000, 1, 42000, 1, 5000, 1);


-- endurancetrio.triathlon_distance table
-- --------------------------------------
INSERT INTO
  endurancetrio.triathlon_distance (id, swim_distance, swim_laps, bike_distance, bike_laps, run_distance, run_laps)
VALUES
  (47, 600, 1, 36000, 1, 6000, 1),
  (48, 1000, 1, 50000, 1, 10000, 1),
  (49, 1500, 1, 48000, 1, 10000, 1),
  (50, 500, 1, 22000, 1, 5000, 1),
  (51, 900, 1, 26000, 1, 6000, 1),
  (53, 650, 1, 30000, 1, 6000, 1),
  (54, 1000, 1, 40000, 1, 10000, 1),
  (56, 1000, 1, 40000, 1, 10000, 1),
  (57, 1300, 1, 40000, 1, 10000, 1),
  (58, 1500, 1, 40000, 1, 10000, 1),
  (59, 1000, 1, 42800, 1, 10000, 1),
  (60, 450, 1, 26500, 1, 9500, 1),
  (61, 1000, 1, 40000, 1, 10000, 1),
  (62, 1500, 1, 40000, 1, 10000, 1),
  (63, 900, 1, 35000, 1, 8000, 1),
  (64, 2500, 1, 80000, 1, 20000, 4),
  (65, 500, 1, 30000, 1, 5000, 2),
  (67, 1000, 1, 40000, 1, 10000, 1);


-- endurancetrio.course table
-- --------------------------
INSERT INTO
  endurancetrio.course (id, event_id, title, sport, distance_id)
VALUES
  (41, 40, 'Duatlo Sprint', 'DUATHLON', 41),
  (42, 41, 'Duatlo Jovem', 'DUATHLON', 42),
  (43, 42, 'Duatlo Standard', 'DUATHLON', 43),
  (44, 43, 'Duatlo Standard', 'DUATHLON', 44),
  (45, 44, 'Duatlo Sprint', 'DUATHLON', 45),
  (46, 45, 'Duatlo Standard', 'DUATHLON', 46),
  (47, 46, 'Triato Sprint', 'TRIATHLON', 47),
  (48, 47, 'Triatlo Standard', 'TRIATHLON', 48),
  (49, 48, 'Triatlo Standard', 'TRIATHLON', 49),
  (50, 49, 'Triato Sprint', 'TRIATHLON', 50),
  (51, 50, 'Triatlo Sprint', 'TRIATHLON', 51),
  (52, 51, 'Biatlo Standard', 'DUATHLON', 52),
  (53, 52, 'Triatlo Sprint', 'TRIATHLON', 53),
  (54, 53, 'Triatlo Standard', 'TRIATHLON', 54),
  (55, 54, 'Duatlo Standard', 'DUATHLON', null),
  (56, 55, 'Triatlo Standard', 'TRIATHLON', 56),
  (57, 56, 'Triatlo Standard', 'TRIATHLON', 57),
  (58, 57, 'Triatlo Standard', 'TRIATHLON', 58),
  (59, 58, 'Triatlo Standard', 'TRIATHLON', 59),
  (60, 59, 'Triatlo Sprint', 'TRIATHLON', 60),
  (61, 60, 'Triatlo Standard', 'TRIATHLON', 61),
  (62, 61, 'Triatlo Standard', 'TRIATHLON', 62),
  (63, 62, 'Triatlo Standard', 'TRIATHLON', 63),
  (64, 63, 'Triatlo Categoria B', 'TRIATHLON', 64),
  (65, 63, 'Triatlo de Promoção', 'TRIATHLON', 65),
  (66, 64, 'Triatlo de Promoção', 'TRIATHLON', null),
  (67, 65, 'Triatlo Standard', 'TRIATHLON', 67);


-- endurancetrio.race table
-- ------------------------
INSERT INTO
  endurancetrio.race (id, race_reference, title, subtitle, gender_category, age_group_id, race_type, date, time, gun_time, air_temperature, race_status)
VALUES
  (164, '19890305APT001-001', '1º Biatlo de Ponte de Sor', 'Geral', 'OPEN', 1, 'INDIVIDUAL_PARENT', '1989-03-05', '14:00:00', null, null, 'COMPLETED'),
  (165, '19890305APT001-002', '1º Biatlo de Ponte de Sor', 'Femininos', 'FEMALE', 1, 'INDIVIDUAL_DERIVED', '1989-03-05', '14:00:00', null, null, 'COMPLETED'),
  (166, '19890305APT001-003', '1º Biatlo de Ponte de Sor', 'Masculinos', 'MALE', 1, 'INDIVIDUAL_DERIVED', '1989-03-05', '14:00:00', null, null, 'COMPLETED'),
  (167, '19890305APT001-004', '1º Biatlo de Ponte de Sor', 'Equipas femininas', 'FEMALE', 1, 'TEAM_BY_TIME', '1989-03-05', '14:00:00', null, null, 'PLANNED'),
  (168, '19890305APT001-005', '1º Biatlo de Ponte de Sor', 'Equipas masculinas', 'MALE', 1, 'TEAM_BY_TIME', '1989-03-05', '14:00:00', null, null, 'COMPLETED'),
  (169, '19890318FPT001-001', 'Biatlo Jovem Nauticampo', 'Geral', 'OPEN', 1, 'INDIVIDUAL_PARENT', '1989-03-18', '16:00:00', null, null, 'COMPLETED'),
  (170, '19890318FPT001-002', 'Biatlo Jovem Nauticampo', 'Femininos', 'FEMALE', 1, 'INDIVIDUAL_DERIVED', '1989-03-18', '16:00:00', null, null, 'COMPLETED'),
  (171, '19890318FPT001-003', 'Biatlo Jovem Nauticampo', 'Masculinos', 'MALE', 1, 'INDIVIDUAL_DERIVED', '1989-03-18', '16:00:00', null, null, 'COMPLETED'),
  (172, '19890319APT001-001', '2º Biatlo de Porto de Mós', 'Geral', 'OPEN', 1, 'INDIVIDUAL_PARENT', '1989-03-19', '14:00:00', null, null, 'COMPLETED'),
  (173, '19890319APT001-002', '2º Biatlo de Porto de Mós', 'Femininos', 'FEMALE', 1, 'INDIVIDUAL_DERIVED', '1989-03-19', '14:00:00', null, null, 'COMPLETED'),
  (174, '19890319APT001-003', '2º Biatlo de Porto de Mós', 'Masculinos', 'MALE', 1, 'INDIVIDUAL_DERIVED', '1989-03-19', '14:00:00', null, null, 'COMPLETED'),
  (175, '19890319APT001-004', '2º Biatlo de Porto de Mós', 'Equipas femininas', 'FEMALE', 1, 'TEAM_BY_TIME', '1989-03-19', '14:00:00', null, null, 'PLANNED'),
  (176, '19890319APT001-005', '2º Biatlo de Porto de Mós', 'Equipas masculinas', 'MALE', 1, 'TEAM_BY_TIME', '1989-03-19', '14:00:00', null, null, 'COMPLETED'),
  (177, '19890402APT001-001', '2º Biatlo do Concelho de Loures', 'Geral', 'OPEN', 1, 'INDIVIDUAL_PARENT', '1989-04-02', '15:00:00', null, null, 'COMPLETED'),
  (178, '19890402APT001-002', '2º Biatlo do Concelho de Loures', 'Femininos', 'FEMALE', 1, 'INDIVIDUAL_DERIVED', '1989-04-02', '15:00:00', null, null, 'COMPLETED'),
  (179, '19890402APT001-003', '2º Biatlo do Concelho de Loures', 'Masculinos', 'MALE', 1, 'INDIVIDUAL_DERIVED', '1989-04-02', '15:00:00', null, null, 'COMPLETED'),
  (180, '19890402APT001-004', '2º Biatlo do Concelho de Loures', 'Equipas femininas', 'FEMALE', 1, 'TEAM_BY_TIME', '1989-04-02', '15:00:00', null, null, 'PLANNED'),
  (181, '19890402APT001-005', '2º Biatlo do Concelho de Loures', 'Equipas masculinas', 'MALE', 1, 'TEAM_BY_TIME', '1989-04-02', '15:00:00', null, null, 'COMPLETED'),
  (182, '19890409APT001-001', '1º Biatlo de Almodôvar', 'Geral', 'OPEN', 1, 'INDIVIDUAL_PARENT', '1989-04-09', '15:00:00', null, null, 'COMPLETED'),
  (183, '19890409APT001-002', '1º Biatlo de Almodôvar', 'Femininos', 'FEMALE', 1, 'INDIVIDUAL_DERIVED', '1989-04-09', '15:00:00', null, null, 'COMPLETED'),
  (184, '19890409APT001-003', '1º Biatlo de Almodôvar', 'Masculinos', 'MALE', 1, 'INDIVIDUAL_DERIVED', '1989-04-09', '15:00:00', null, null, 'COMPLETED'),
  (185, '19890409APT001-004', '1º Biatlo de Almodôvar', 'Equipas femininas', 'FEMALE', 1, 'TEAM_BY_TIME', '1989-04-09', '15:00:00', null, null, 'PLANNED'),
  (186, '19890409APT001-005', '1º Biatlo de Almodôvar', 'Equipas masculinas', 'MALE', 1, 'TEAM_BY_TIME', '1989-04-09', '15:00:00', null, null, 'COMPLETED'),
  (187, '19890416APT001-001', '3º Biatlo do Porto', 'Geral', 'OPEN', 1, 'INDIVIDUAL_PARENT', '1989-04-16', '15:00:00', null, null, 'COMPLETED'),
  (188, '19890416APT001-002', '3º Biatlo do Porto', 'Femininos', 'FEMALE', 1, 'INDIVIDUAL_DERIVED', '1989-04-16', '15:00:00', null, null, 'COMPLETED'),
  (189, '19890416APT001-003', '3º Biatlo do Porto', 'Masculinos', 'MALE', 1, 'INDIVIDUAL_DERIVED', '1989-04-16', '15:00:00', null, null, 'COMPLETED'),
  (190, '19890416APT001-004', '3º Biatlo do Porto', 'Equipas femininas', 'FEMALE', 1, 'TEAM_BY_TIME', '1989-04-16', '15:00:00', null, null, 'PLANNED'),
  (191, '19890416APT001-005', '3º Biatlo do Porto', 'Equipas masculinas', 'MALE', 1, 'TEAM_BY_TIME', '1989-04-16', '15:00:00', null, null, 'COMPLETED'),
  (192, '19890430FTP001-001', '1º Triatlo de Alpiarça', 'Geral', 'OPEN', 1, 'INDIVIDUAL_PARENT', '1989-04-30', '14:00:00', null, null, 'COMPLETED'),
  (193, '19890430FTP001-002', '1º Triatlo de Alpiarça', 'Femininos', 'FEMALE', 1, 'INDIVIDUAL_DERIVED', '1989-04-30', '14:00:00', null, null, 'COMPLETED'),
  (194, '19890430FTP001-003', '1º Triatlo de Alpiarça', 'Masculinos', 'MALE', 1, 'INDIVIDUAL_DERIVED', '1989-04-30', '14:00:00', null, null, 'COMPLETED'),
  (195, '19890430FTP001-004', '1º Triatlo de Alpiarça', 'Equipas femininas', 'FEMALE', 1, 'TEAM_BY_TIME', '1989-04-30', '14:00:00', null, null, 'PLANNED'),
  (196, '19890430FTP001-005', '1º Triatlo de Alpiarça', 'Equipas masculinas', 'MALE', 1, 'TEAM_BY_TIME', '1989-04-30', '14:00:00', null, null, 'COMPLETED'),
  (197, '19890521FTP001-001', '1º Triatlo Cidade de Gaia', 'Geral', 'OPEN', 1, 'INDIVIDUAL_PARENT', '1989-05-21', '10:30:00', null, null, 'COMPLETED'),
  (198, '19890521FTP001-002', '1º Triatlo Cidade de Gaia', 'Femininos', 'FEMALE', 1, 'INDIVIDUAL_DERIVED', '1989-05-21', '10:30:00', null, null, 'COMPLETED'),
  (199, '19890521FTP001-003', '1º Triatlo Cidade de Gaia', 'Masculinos', 'MALE', 1, 'INDIVIDUAL_DERIVED', '1989-05-21', '10:30:00', null, null, 'COMPLETED'),
  (200, '19890521FTP001-004', '1º Triatlo Cidade de Gaia', 'Equipas femininas', 'FEMALE', 1, 'TEAM_BY_TIME', '1989-05-21', '10:30:00', null, null, 'PLANNED'),
  (201, '19890521FTP001-005', '1º Triatlo Cidade de Gaia', 'Equipas masculinas', 'MALE', 1, 'TEAM_BY_TIME', '1989-05-21', '10:30:00', null, null, 'COMPLETED'),
  (202, '19890527FTO001-001', 'Triatlo Internacional da Costa Azul', 'Geral', 'OPEN', 1, 'INDIVIDUAL_PARENT', '1989-05-27', null, null, null, 'COMPLETED'),
  (203, '19890527FTO001-002', 'Triatlo Internacional da Costa Azul', 'Femininos', 'FEMALE', 1, 'INDIVIDUAL_DERIVED', '1989-05-27', null, null, null, 'COMPLETED'),
  (204, '19890527FTO001-003', 'Triatlo Internacional da Costa Azul', 'Masculinos', 'MALE', 1, 'INDIVIDUAL_DERIVED', '1989-05-27', null, null, null, 'COMPLETED'),
  (205, '19890527FTO001-004', 'Triatlo Internacional da Costa Azul', 'Equipas femininas', 'FEMALE', 1, 'TEAM_BY_TIME', '1989-05-27', null, null, null, 'COMPLETED'),
  (206, '19890527FTO001-005', 'Triatlo Internacional da Costa Azul', 'Equipas masculinas', 'MALE', 1, 'TEAM_BY_TIME', '1989-05-27', null, null, null, 'COMPLETED'),
  (207, '19890604FTP001-001', '2º Triatlo do Ambiente', 'Geral', 'OPEN', 1, 'INDIVIDUAL_PARENT', '1989-06-04', '15:00:00', null, null, 'COMPLETED'),
  (208, '19890604FTP001-002', '2º Triatlo do Ambiente', 'Femininos', 'FEMALE', 1, 'INDIVIDUAL_DERIVED', '1989-06-04', '15:00:00', null, null, 'COMPLETED'),
  (209, '19890604FTP001-003', '2º Triatlo do Ambiente', 'Masculinos', 'MALE', 1, 'INDIVIDUAL_DERIVED', '1989-06-04', '15:00:00', null, null, 'COMPLETED'),
  (210, '19890604FTP001-004', '2º Triatlo do Ambiente', 'Equipas femininas', 'FEMALE', 1, 'TEAM_BY_TIME', '1989-06-04', '15:00:00', null, null, 'PLANNED'),
  (211, '19890604FTP001-005', '2º Triatlo do Ambiente', 'Equipas masculinas', 'MALE', 1, 'TEAM_BY_TIME', '1989-06-04', '15:00:00', null, null, 'COMPLETED'),
  (212, '19890611FTP001-001', 'Triatlo Internacional de Promoção', 'Geral', 'OPEN', 1, 'INDIVIDUAL_PARENT', '1989-06-11', '09:00:00', null, null, 'COMPLETED'),
  (213, '19890611FTP001-002', 'Triatlo Internacional de Promoção', 'Femininos', 'FEMALE', 1, 'INDIVIDUAL_DERIVED', '1989-06-11', '09:00:00', null, null, 'COMPLETED'),
  (214, '19890611FTP001-003', 'Triatlo Internacional de Promoção', 'Masculinos', 'MALE', 1, 'INDIVIDUAL_DERIVED', '1989-06-11', '09:00:00', null, null, 'COMPLETED'),
  (215, '19890625FTP001-001', 'I Biatlo do Regimento de Comandos da Amadora', 'Geral', 'OPEN', 1, 'INDIVIDUAL_PARENT', '1989-06-25', '10:00:00', null, null, 'COMPLETED'),
  (216, '19890625FTP001-002', 'I Biatlo do Regimento de Comandos da Amadora', 'Femininos', 'FEMALE', 1, 'INDIVIDUAL_DERIVED', '1989-06-25', '10:00:00', null, null, 'PLANNED'),
  (217, '19890625FTP001-003', 'I Biatlo do Regimento de Comandos da Amadora', 'Masculinos', 'MALE', 1, 'INDIVIDUAL_DERIVED', '1989-06-25', '10:00:00', null, null, 'COMPLETED'),
  (218, '19890625FTP001-004', 'I Biatlo do Regimento de Comandos da Amadora', 'Equipas femininas', 'FEMALE', 1, 'TEAM_BY_TIME', '1989-06-25', '10:00:00', null, null, 'PLANNED'),
  (219, '19890625FTP001-005', 'I Biatlo do Regimento de Comandos da Amadora', 'Equipas masculinas', 'MALE', 1, 'TEAM_BY_TIME', '1989-06-25', '10:00:00', null, null, 'COMPLETED'),
  (220, '19890625FTP002-001', 'Triatlo de Almodôvar', 'Geral', 'OPEN', 1, 'INDIVIDUAL_PARENT', '1989-06-25', '10:00:00', null, null, 'COMPLETED'),
  (221, '19890625FTP002-002', 'Triatlo de Almodôvar', 'Femininos', 'FEMALE', 1, 'INDIVIDUAL_DERIVED', '1989-06-25', '10:00:00', null, null, 'PLANNED'),
  (222, '19890625FTP002-003', 'Triatlo de Almodôvar', 'Masculinos', 'MALE', 1, 'INDIVIDUAL_DERIVED', '1989-06-25', '10:00:00', null, null, 'COMPLETED'),
  (223, '19890625FTP002-004', 'Triatlo de Almodôvar', 'Equipas femininas', 'FEMALE', 1, 'TEAM_BY_TIME', '1989-06-25', '10:00:00', null, null, 'PLANNED'),
  (224, '19890625FTP002-005', 'Triatlo de Almodôvar', 'Equipas masculinas', 'MALE', 1, 'TEAM_BY_TIME', '1989-06-25', '10:00:00', null, null, 'COMPLETED'),
  (225, '19890702FTP001-001', 'Triatlo de Coimbra', 'Geral', 'OPEN', 1, 'INDIVIDUAL_PARENT', '1989-07-02', '15:00:00', null, null, 'COMPLETED'),
  (226, '19890702FTP001-002', 'Triatlo de Coimbra', 'Femininos', 'FEMALE', 1, 'INDIVIDUAL_DERIVED', '1989-07-02', '15:00:00', null, null, 'PLANNED'),
  (227, '19890702FTP001-003', 'Triatlo de Coimbra', 'Masculinos', 'MALE', 1, 'INDIVIDUAL_DERIVED', '1989-07-02', '15:00:00', null, null, 'COMPLETED'),
  (228, '19890702FTP001-004', 'Triatlo de Coimbra', 'Equipas femininas', 'FEMALE', 1, 'TEAM_BY_TIME', '1989-07-02', '15:00:00', null, null, 'PLANNED'),
  (229, '19890702FTP001-005', 'Triatlo de Coimbra', 'Equipas masculinas', 'MALE', 1, 'TEAM_BY_TIME', '1989-07-02', '15:00:00', null, null, 'COMPLETED'),
  (230, '19890709FTP001-001', 'Biatlo de Oliveira de Azeméis', 'Geral', 'OPEN', 1, 'INDIVIDUAL_PARENT', '1989-07-09', null, null, null, 'COMPLETED'),
  (231, '19890709FTP001-002', 'Biatlo de Oliveira de Azeméis', 'Femininos', 'FEMALE', 1, 'INDIVIDUAL_DERIVED', '1989-07-09', null, null, null, 'COMPLETED'),
  (232, '19890709FTP001-003', 'Biatlo de Oliveira de Azeméis', 'Masculinos', 'MALE', 1, 'INDIVIDUAL_DERIVED', '1989-07-09', null, null, null, 'COMPLETED'),
  (233, '19890709FTP001-004', 'Biatlo de Oliveira de Azeméis', 'Equipas femininas', 'FEMALE', 1, 'TEAM_BY_TIME', '1989-07-09', null, null, null, 'PLANNED'),
  (234, '19890709FTP001-005', 'Biatlo de Oliveira de Azeméis', 'Equipas masculinas', 'MALE', 1, 'TEAM_BY_TIME', '1989-07-09', null, null, null, 'COMPLETED'),
  (235, '19890716FTP001-001', '1º Triatlo Concelho da Lourinhã', 'Geral', 'OPEN', 1, 'INDIVIDUAL_PARENT', '1989-07-16', '15:00:00', null, null, 'COMPLETED'),
  (236, '19890716FTP001-002', '1º Triatlo Concelho da Lourinhã', 'Femininos', 'FEMALE', 1, 'INDIVIDUAL_DERIVED', '1989-07-16', '15:00:00', null, null, 'COMPLETED'),
  (237, '19890716FTP001-003', '1º Triatlo Concelho da Lourinhã', 'Masculinos', 'MALE', 1, 'INDIVIDUAL_DERIVED', '1989-07-16', '15:00:00', null, null, 'COMPLETED'),
  (238, '19890716FTP001-004', '1º Triatlo Concelho da Lourinhã', 'Equipas femininas', 'FEMALE', 1, 'TEAM_BY_TIME', '1989-07-16', '15:00:00', null, null, 'PLANNED'),
  (239, '19890716FTP001-005', '1º Triatlo Concelho da Lourinhã', 'Equipas masculinas', 'MALE', 1, 'TEAM_BY_TIME', '1989-07-16', '15:00:00', null, null, 'COMPLETED'),
  (240, '19890722FTP001-001', 'III Triatlo do Coimbrão', 'Geral', 'OPEN', 1, 'INDIVIDUAL_PARENT', '1989-07-22', '15:00:00', null, null, 'COMPLETED'),
  (241, '19890722FTP001-002', 'III Triatlo do Coimbrão', 'Femininos', 'FEMALE', 1, 'INDIVIDUAL_DERIVED', '1989-07-22', '15:00:00', null, null, 'COMPLETED'),
  (242, '19890722FTP001-003', 'III Triatlo do Coimbrão', 'Masculinos', 'MALE', 1, 'INDIVIDUAL_DERIVED', '1989-07-22', '15:00:00', null, null, 'COMPLETED'),
  (243, '19890722FTP001-004', 'III Triatlo do Coimbrão', 'Equipas femininas', 'FEMALE', 1, 'TEAM_BY_TIME', '1989-07-22', '15:00:00', null, null, 'PLANNED'),
  (244, '19890722FTP001-005', 'III Triatlo do Coimbrão', 'Equipas masculinas', 'MALE', 1, 'TEAM_BY_TIME', '1989-07-22', '15:00:00', null, null, 'COMPLETED'),
  (245, '19890815FTP001-001', 'VI Triatlo de Peniche', 'Geral', 'OPEN', 1, 'INDIVIDUAL_PARENT', '1989-08-15', '15:00:00', null, null, 'COMPLETED'),
  (246, '19890815FTP001-002', 'VI Triatlo de Peniche', 'Femininos', 'FEMALE', 1, 'INDIVIDUAL_DERIVED', '1989-08-15', '15:00:00', null, null, 'COMPLETED'),
  (247, '19890815FTP001-003', 'VI Triatlo de Peniche', 'Masculinos', 'MALE', 1, 'INDIVIDUAL_DERIVED', '1989-08-15', '15:00:00', null, null, 'COMPLETED'),
  (248, '19890815FTP001-004', 'VI Triatlo de Peniche', 'Equipas femininas', 'FEMALE', 1, 'TEAM_BY_TIME', '1989-08-15', '15:00:00', null, null, 'PLANNED'),
  (249, '19890815FTP001-005', 'VI Triatlo de Peniche', 'Equipas masculinas', 'MALE', 1, 'TEAM_BY_TIME', '1989-08-15', '15:00:00', null, null, 'COMPLETED'),
  (250, '19890820FTP001-001', 'I Triatlo de Oliveira de Frades', 'Geral', 'OPEN', 1, 'INDIVIDUAL_PARENT', '1989-08-20', '14:00:00', null, null, 'COMPLETED'),
  (251, '19890820FTP001-002', 'I Triatlo de Oliveira de Frades', 'Femininos', 'FEMALE', 1, 'INDIVIDUAL_DERIVED', '1989-08-20', '14:00:00', null, null, 'COMPLETED'),
  (252, '19890820FTP001-003', 'I Triatlo de Oliveira de Frades', 'Masculinos', 'MALE', 1, 'INDIVIDUAL_DERIVED', '1989-08-20', '14:00:00', null, null, 'COMPLETED'),
  (253, '19890820FTP001-004', 'I Triatlo de Oliveira de Frades', 'Equipas femininas', 'FEMALE', 1, 'TEAM_BY_TIME', '1989-08-20', '14:00:00', null, null, 'PLANNED'),
  (254, '19890820FTP001-005', 'I Triatlo de Oliveira de Frades', 'Equipas masculinas', 'MALE', 1, 'TEAM_BY_TIME', '1989-08-20', '14:00:00', null, null, 'COMPLETED'),
  (255, '19890827FTP001-001', 'I Triatlo da Carregueira', 'Geral', 'OPEN', 1, 'INDIVIDUAL_PARENT', '1989-08-27', '11:00:00', null, null, 'COMPLETED'),
  (256, '19890827FTP001-002', 'I Triatlo da Carregueira', 'Femininos', 'FEMALE', 1, 'INDIVIDUAL_DERIVED', '1989-08-27', '11:00:00', null, null, 'COMPLETED'),
  (257, '19890827FTP001-003', 'I Triatlo da Carregueira', 'Masculinos', 'MALE', 1, 'INDIVIDUAL_DERIVED', '1989-08-27', '11:00:00', null, null, 'COMPLETED'),
  (258, '19890827FTP001-004', 'I Triatlo da Carregueira', 'Equipas femininas', 'FEMALE', 1, 'TEAM_BY_TIME', '1989-08-27', '11:00:00', null, null, 'PLANNED'),
  (259, '19890827FTP001-005', 'I Triatlo da Carregueira', 'Equipas masculinas', 'MALE', 1, 'TEAM_BY_TIME', '1989-08-27', '11:00:00', null, null, 'COMPLETED'),
  (260, '19890910FTP001-001', 'II Triatlo de Óbidos', 'Geral', 'OPEN', 1, 'INDIVIDUAL_PARENT', '1989-09-10', '11:00:00', null, null, 'COMPLETED'),
  (261, '19890910FTP001-002', 'II Triatlo de Óbidos', 'Femininos', 'FEMALE', 1, 'INDIVIDUAL_DERIVED', '1989-09-10', '11:00:00', null, null, 'COMPLETED'),
  (262, '19890910FTP001-003', 'II Triatlo de Óbidos', 'Masculinos', 'MALE', 1, 'INDIVIDUAL_DERIVED', '1989-09-10', '11:00:00', null, null, 'COMPLETED'),
  (263, '19890910FTP001-004', 'II Triatlo de Óbidos', 'Equipas femininas', 'FEMALE', 1, 'TEAM_BY_TIME', '1989-09-10', '11:00:00', null, null, 'PLANNED'),
  (264, '19890910FTP001-005', 'II Triatlo de Óbidos', 'Equipas masculinas', 'MALE', 1, 'TEAM_BY_TIME', '1989-09-10', '11:00:00', null, null, 'COMPLETED'),
  (265, '19890924FTP001-001', 'III Triatlo de Lagos', 'Geral', 'OPEN', 1, 'INDIVIDUAL_PARENT', '1989-09-24', '11:00:00', null, null, 'COMPLETED'),
  (266, '19890924FTP001-002', 'III Triatlo de Lagos', 'Femininos', 'FEMALE', 1, 'INDIVIDUAL_DERIVED', '1989-09-24', '11:00:00', null, null, 'COMPLETED'),
  (267, '19890924FTP001-003', 'III Triatlo de Lagos', 'Masculinos', 'MALE', 1, 'INDIVIDUAL_DERIVED', '1989-09-24', '11:00:00', null, null, 'COMPLETED'),
  (268, '19890924FTP001-004', 'III Triatlo de Lagos', 'Equipas femininas', 'FEMALE', 1, 'TEAM_BY_TIME', '1989-09-24', '11:00:00', null, null, 'PLANNED'),
  (269, '19890924FTP001-005', 'III Triatlo de Lagos', 'Equipas masculinas', 'MALE', 1, 'TEAM_BY_TIME', '1989-09-24', '11:00:00', null, null, 'COMPLETED'),
  (270, '19890930FTP001-001', 'Triatlo de Ferreira do Alentejo', 'Geral', 'OPEN', 1, 'INDIVIDUAL_PARENT', '1989-07-30', '15:00:00', null, null, 'COMPLETED'),
  (271, '19890930FTP001-002', 'Triatlo de Ferreira do Alentejo', 'Femininos', 'FEMALE', 1, 'INDIVIDUAL_DERIVED', '1989-07-30', '15:00:00', null, null, 'COMPLETED'),
  (272, '19890930FTP001-003', 'Triatlo de Ferreira do Alentejo', 'Masculinos', 'MALE', 1, 'INDIVIDUAL_DERIVED', '1989-07-30', '15:00:00', null, null, 'COMPLETED'),
  (273, '19890930FTP001-004', 'Triatlo de Ferreira do Alentejo', 'Equipas femininas', 'FEMALE', 1, 'TEAM_BY_TIME', '1989-07-30', '15:00:00', null, null, 'PLANNED'),
  (274, '19890930FTP001-005', 'Triatlo de Ferreira do Alentejo', 'Equipas masculinas', 'MALE', 1, 'TEAM_BY_TIME', '1989-07-30', '15:00:00', null, null, 'COMPLETED'),
  (275, '19891007FTP001-001', 'Triatlo Médio de Ponte de Sôr', 'Geral', 'OPEN', 1, 'INDIVIDUAL_PARENT', '1989-10-07', '10:00:00', null, null, 'COMPLETED'),
  (276, '19891007FTP001-002', 'Triatlo Médio de Ponte de Sôr', 'Femininos', 'FEMALE', 1, 'INDIVIDUAL_DERIVED', '1989-10-07', '10:00:00', null, null, 'COMPLETED'),
  (277, '19891007FTP001-003', 'Triatlo Médio de Ponte de Sôr', 'Masculinos', 'MALE', 1, 'INDIVIDUAL_DERIVED', '1989-10-07', '10:00:00', null, null, 'COMPLETED'),
  (278, '19891007FTP001-004', 'Triatlo Médio de Ponte de Sôr', 'Equipas femininas', 'FEMALE', 1, 'TEAM_BY_TIME', '1989-10-07', '10:00:00', null, null, 'COMPLETED'),
  (279, '19891007FTP001-005', 'Triatlo Médio de Ponte de Sôr', 'Equipas masculinas', 'MALE', 1, 'TEAM_BY_TIME', '1989-10-07', '10:00:00', null, null, 'COMPLETED'),
  (280, '19891007FTP001-006', 'Triatlo de Promoção de Ponte de Sôr', 'Geral', 'OPEN', 1, 'INDIVIDUAL_PARENT', '1989-10-07', '10:00:00', null, null, 'COMPLETED'),
  (281, '19891007FTP001-007', 'Triatlo de Promoção de Ponte de Sôr', 'Femininos', 'FEMALE', 1, 'INDIVIDUAL_DERIVED', '1989-10-07', '10:00:00', null, null, 'PLANNED'),
  (282, '19891007FTP001-008', 'Triatlo de Promoção de Ponte de Sôr', 'Masculinos', 'MALE', 1, 'INDIVIDUAL_DERIVED', '1989-10-07', '10:00:00', null, null, 'COMPLETED'),
  (283, '19891014FTP001-001', 'Triatlo da Golegã', 'Geral', 'OPEN', 1, 'INDIVIDUAL_PARENT', '1989-10-14', '10:00:00', null, null, 'COMPLETED'),
  (284, '19891014FTP001-002', 'Triatlo da Golegã', 'Femininos', 'FEMALE', 1, 'INDIVIDUAL_DERIVED', '1989-10-14', '10:00:00', null, null, 'COMPLETED'),
  (285, '19891014FTP001-003', 'Triatlo da Golegã', 'Masculinos', 'MALE', 1, 'INDIVIDUAL_DERIVED', '1989-10-14', '10:00:00', null, null, 'COMPLETED'),
  (286, '19891021FTP001-001', 'Triatlo Cidade de Figueira da Foz', 'Geral', 'OPEN', 1, 'INDIVIDUAL_PARENT', '1989-10-21', '10:00:00', null, null, 'COMPLETED'),
  (287, '19891021FTP001-002', 'Triatlo Cidade de Figueira da Foz', 'Femininos', 'FEMALE', 1, 'INDIVIDUAL_DERIVED', '1989-10-21', '10:00:00', null, null, 'COMPLETED'),
  (288, '19891021FTP001-003', 'Triatlo Cidade de Figueira da Foz', 'Masculinos', 'MALE', 1, 'INDIVIDUAL_DERIVED', '1989-10-21', '10:00:00', null, null, 'COMPLETED'),
  (289, '19891021FTP001-004', 'Triatlo Cidade de Figueira da Foz', 'Equipas femininas', 'FEMALE', 1, 'TEAM_BY_TIME', '1989-10-21', '10:00:00', null, null, 'PLANNED'),
  (290, '19891021FTP001-005', 'Triatlo Cidade de Figueira da Foz', 'Equipas masculinas', 'MALE', 1, 'TEAM_BY_TIME', '1989-10-21', '10:00:00', null, null, 'COMPLETED');


-- endurancetrio.triathlon_based_race table
-- ----------------------------------------
INSERT INTO
  endurancetrio.triathlon_based_race (id, water_temperature, wetsuit_rule)
VALUES
  (192, null, 'UNKNOWN'),
  (193, null, 'UNKNOWN'),
  (194, null, 'UNKNOWN'),
  (195, null, 'UNKNOWN'),
  (196, null, 'UNKNOWN'),
  (197, null, 'UNKNOWN'),
  (198, null, 'UNKNOWN'),
  (199, null, 'UNKNOWN'),
  (200, null, 'UNKNOWN'),
  (201, null, 'UNKNOWN'),
  (202, null, 'UNKNOWN'),
  (203, null, 'UNKNOWN'),
  (204, null, 'UNKNOWN'),
  (205, null, 'UNKNOWN'),
  (206, null, 'UNKNOWN'),
  (207, null, 'UNKNOWN'),
  (208, null, 'UNKNOWN'),
  (209, null, 'UNKNOWN'),
  (210, null, 'UNKNOWN'),
  (211, null, 'UNKNOWN'),
  (212, null, 'UNKNOWN'),
  (213, null, 'UNKNOWN'),
  (214, null, 'UNKNOWN'),
  (220, null, 'UNKNOWN'),
  (221, null, 'UNKNOWN'),
  (222, null, 'UNKNOWN'),
  (223, null, 'UNKNOWN'),
  (224, null, 'UNKNOWN'),
  (225, null, 'UNKNOWN'),
  (226, null, 'UNKNOWN'),
  (227, null, 'UNKNOWN'),
  (228, null, 'UNKNOWN'),
  (229, null, 'UNKNOWN'),
  (235, null, 'UNKNOWN'),
  (236, null, 'UNKNOWN'),
  (237, null, 'UNKNOWN'),
  (238, null, 'UNKNOWN'),
  (239, null, 'UNKNOWN'),
  (240, null, 'UNKNOWN'),
  (241, null, 'UNKNOWN'),
  (242, null, 'UNKNOWN'),
  (243, null, 'UNKNOWN'),
  (244, null, 'UNKNOWN'),
  (245, null, 'UNKNOWN'),
  (246, null, 'UNKNOWN'),
  (247, null, 'UNKNOWN'),
  (248, null, 'UNKNOWN'),
  (249, null, 'UNKNOWN'),
  (250, null, 'UNKNOWN'),
  (251, null, 'UNKNOWN'),
  (252, null, 'UNKNOWN'),
  (253, null, 'UNKNOWN'),
  (254, null, 'UNKNOWN'),
  (255, null, 'UNKNOWN'),
  (256, null, 'UNKNOWN'),
  (257, null, 'UNKNOWN'),
  (258, null, 'UNKNOWN'),
  (259, null, 'UNKNOWN'),
  (260, null, 'UNKNOWN'),
  (261, null, 'UNKNOWN'),
  (262, null, 'UNKNOWN'),
  (263, null, 'UNKNOWN'),
  (264, null, 'UNKNOWN'),
  (265, null, 'UNKNOWN'),
  (266, null, 'UNKNOWN'),
  (267, null, 'UNKNOWN'),
  (268, null, 'UNKNOWN'),
  (269, null, 'UNKNOWN'),
  (270, null, 'UNKNOWN'),
  (271, null, 'UNKNOWN'),
  (272, null, 'UNKNOWN'),
  (273, null, 'UNKNOWN'),
  (274, null, 'UNKNOWN'),
  (275, null, 'UNKNOWN'),
  (276, null, 'UNKNOWN'),
  (277, null, 'UNKNOWN'),
  (278, null, 'UNKNOWN'),
  (279, null, 'UNKNOWN'),
  (280, null, 'UNKNOWN'),
  (281, null, 'UNKNOWN'),
  (282, null, 'UNKNOWN'),
  (283, null, 'UNKNOWN'),
  (284, null, 'UNKNOWN'),
  (285, null, 'UNKNOWN'),
  (286, null, 'UNKNOWN'),
  (287, null, 'UNKNOWN'),
  (288, null, 'UNKNOWN'),
  (289, null, 'UNKNOWN'),
  (290, null, 'UNKNOWN');


-- endurancetrio.course_race table
-- -------------------------------
INSERT INTO
  endurancetrio.course_race (course_id, race_id)
VALUES
  (41, 164),
  (41, 165),
  (41, 166),
  (41, 167),
  (41, 168),
  (43, 172),
  (43, 173),
  (43, 174),
  (43, 175),
  (43, 176),
  (44, 177),
  (44, 178),
  (44, 179),
  (44, 180),
  (44, 181),
  (45, 182),
  (45, 183),
  (45, 184),
  (45, 185),
  (45, 186),
  (46, 187),
  (46, 188),
  (46, 189),
  (46, 190),
  (46, 191),
  (47, 192),
  (47, 193),
  (47, 194),
  (47, 195),
  (47, 196),
  (48, 197),
  (48, 198),
  (48, 199),
  (48, 200),
  (48, 201),
  (49, 202),
  (49, 203),
  (49, 204),
  (49, 205),
  (49, 206),
  (50, 207),
  (50, 208),
  (50, 209),
  (50, 210),
  (50, 211),
  (51, 212),
  (51, 213),
  (51, 214),
  (52, 215),
  (52, 216),
  (52, 217),
  (52, 218),
  (52, 219),
  (53, 220),
  (53, 221),
  (53, 222),
  (53, 223),
  (53, 224),
  (54, 225),
  (54, 226),
  (54, 227),
  (54, 228),
  (54, 229),
  (55, 230),
  (55, 231),
  (55, 232),
  (55, 233),
  (55, 234),
  (56, 235),
  (56, 236),
  (56, 237),
  (56, 238),
  (56, 239),
  (57, 240),
  (57, 241),
  (57, 242),
  (57, 243),
  (57, 244),
  (58, 245),
  (58, 246),
  (58, 247),
  (58, 248),
  (58, 249),
  (59, 250),
  (59, 251),
  (59, 252),
  (59, 253),
  (59, 254),
  (60, 255),
  (60, 256),
  (60, 257),
  (60, 258),
  (60, 259),
  (61, 260),
  (61, 261),
  (61, 262),
  (61, 263),
  (61, 264),
  (62, 265),
  (62, 266),
  (62, 267),
  (62, 268),
  (62, 269),
  (63, 270),
  (63, 271),
  (63, 272),
  (63, 273),
  (63, 274),
  (64, 275),
  (64, 276),
  (64, 277),
  (64, 278),
  (64, 279),
  (65, 280),
  (65, 281),
  (65, 282),
  (66, 283),
  (66, 284),
  (66, 285),
  (67, 286),
  (67, 287),
  (67, 288),
  (67, 289),
  (67, 290);


-- endurancetrio.race_hierarchy table
-- ----------------------------------
INSERT INTO
  endurancetrio.race_hierarchy (race_id, parent_race_id)
VALUES
  (165, 164),
  (166, 164),
  (167, 165),
  (168, 166),
  (170, 169),
  (171, 169),
  (173, 172),
  (174, 171),
  (175, 173),
  (176, 174),
  (178, 177),
  (179, 177),
  (180, 178),
  (181, 179),
  (183, 182),
  (184, 182),
  (185, 183),
  (186, 184),
  (188, 187),
  (189, 187),
  (190, 188),
  (191, 189),
  (193, 192),
  (194, 192),
  (195, 193),
  (196, 194),
  (198, 197),
  (199, 197),
  (200, 198),
  (201, 199),
  (203, 202),
  (204, 202),
  (205, 203),
  (206, 204),
  (208, 207),
  (209, 207),
  (210, 208),
  (211, 209),
  (213, 212),
  (214, 212),
  (216, 215),
  (217, 215),
  (218, 216),
  (219, 217),
  (221, 220),
  (222, 220),
  (223, 221),
  (224, 222),
  (226, 225),
  (227, 225),
  (228, 226),
  (229, 227),
  (231, 230),
  (232, 230),
  (233, 231),
  (234, 232),
  (236, 235),
  (237, 235),
  (238, 236),
  (239, 237),
  (241, 240),
  (242, 240),
  (243, 241),
  (244, 242),
  (246, 245),
  (247, 245),
  (248, 246),
  (249, 246),
  (251, 250),
  (252, 250),
  (253, 251),
  (254, 251),
  (256, 255),
  (257, 255),
  (258, 256),
  (259, 257),
  (261, 260),
  (262, 260),
  (263, 261),
  (264, 262),
  (266, 265),
  (267, 265),
  (268, 266),
  (269, 267),
  (271, 270),
  (272, 270),
  (273, 271),
  (274, 272),
  (276, 275),
  (277, 275),
  (278, 276),
  (279, 277),
  (281, 280),
  (282, 280),
  (284, 283),
  (285, 283),
  (287, 286),
  (288, 286),
  (289, 287),
  (290, 288);


-- endurancetrio.results_file table
-- --------------------------------
INSERT INTO
  endurancetrio.results_file (id, race_id, title, subtitle, revision, is_active, file_name)
VALUES
  (59, 164, '1º Biatlo de Ponte de Sor', 'Geral', 1, true, '19890305APT001-001A-01.pdf'),
  (60, 166, '1º Biatlo de Ponte de Sor', 'Escalões Masculinos', 1, true, '19890305APT001-003B-01.pdf'),
  (61, 168, '1º Biatlo de Ponte de Sor', 'Equipas Masculinas', 1, true, '19890305APT001-005A-01.pdf'),
  (62, 172, '2º Biatlo de Porto de Mós', 'Geral', 1, true, '19890319APT001-001A-01.pdf'),
  (63, 173, '2º Biatlo de Porto de Mós', 'Escalões Femininos', 1, true, '19890319APT001-002B-01.pdf'),
  (64, 174, '2º Biatlo de Porto de Mós', 'Escalões Masculinos', 1, true, '19890319APT001-003B-01.pdf'),
  (65, 176, '2º Biatlo de Porto de Mós', 'Equipas Masculinas', 1, true, '19890319APT001-005A-01.pdf'),
  (66, 177, '2º Biatlo do Concelho de Loures', 'Geral', 1, true, '19890402APT001-001A-01.pdf'),
  (67, 181, '2º Biatlo do Concelho de Loures', 'Equipas Masculinas', 1, true, '19890402APT001-005A-01.pdf'),
  (68, 182, '1º Biatlo de Almodôvar', 'Geral', 1, true, '19890409APT001-001A-01.pdf'),
  (69, 183, '1º Biatlo de Almodôvar', 'Escalões Femininos', 1, true, '19890409APT001-002B-01.pdf'),
  (70, 184, '1º Biatlo de Almodôvar', 'Escalões Masculinos', 1, true, '19890409APT001-003B-01.pdf'),
  (71, 186, '1º Biatlo de Almodôvar', 'Equipas Masculinas', 1, true, '19890409APT001-005A-01.pdf'),
  (72, 187, '3º Biatlo do Porto', 'Geral', 1, true, '19890416APT001-001A-01.pdf'),
  (73, 188, '3º Biatlo do Porto', 'Escalões Femininos', 1, true, '19890416APT001-002B-01.pdf'),
  (74, 189, '3º Biatlo do Porto', 'Escalões Masculinos', 1, true, '19890416APT001-003B-01.pdf'),
  (75, 191, '3º Biatlo do Porto', 'Equipas Masculinas', 1, true, '19890416APT001-005A-01.pdf'),
  (76, 192, '1º Triatlo de Alpiarça', 'Geral', 1, true, '19890430FTP001-001A-01.pdf'),
  (77, 193, '1º Triatlo de Alpiarça', 'Femininos', 1, true, '19890430FTP001-002A-01.pdf'),
  (78, 196, '1º Triatlo de Alpiarça', 'Equipas Masculinas', 1, true, '19890430FTP001-005A-01.pdf'),
  (79, 197, '1º Triatlo Cidade de Gaia', 'Geral', 1, true, '19890521FTP001-001A-01.pdf'),
  (80, 201, '1º Triatlo Cidade de Gaia', 'Equipas Masculinas', 1, true, '19890521FTP001-005A-01.pdf'),
  (81, 207, '2º Triatlo do Ambiente', 'Geral', 1, true, '19890604FTP001-001A-01.pdf'),
  (82, 208, '2º Triatlo do Ambiente', 'Escalões Femininos', 1, true, '19890604FTP001-002B-01.pdf'),
  (83, 209, '2º Triatlo do Ambiente', 'Escalões Masculinos', 1, true, '19890604FTP001-003B-01.pdf'),
  (84, 211, '2º Triatlo do Ambiente', 'Equipas Masculinas', 1, true, '19890604FTP001-005A-01.pdf'),
  (85, 212, 'Triatlo Internacional de Promoção', 'Geral', 1, true, '19890611FTP001-001A-01.pdf'),
  (86, 215, 'I Biatlo do Regimento de Comandos da Amadora', 'Geral', 1, true, '19890625FTP001-001A-01.pdf'),
  (87, 219, 'I Biatlo do Regimento de Comandos da Amadora', 'Equipas Masculinas', 1, true, '19890625FTP001-005A-01.pdf'),
  (88, 220, 'Triatlo de Almodôvar', 'Geral', 1, true, '19890625FTP002-001A-01.pdf'),
  (89, 225, 'Triatlo de Coimbra', 'Geral', 1, true, '19890702FTP001-001A-01.pdf'),
  (90, 230, 'Biatlo de Oliveira de Azeméis', 'Geral', 1, true, '19890709FTP001-001A-01.pdf'),
  (91, 234, 'Biatlo de Oliveira de Azeméis', 'Equipas Masculinas', 1, true, '19890709FTP001-005A-01.pdf'),
  (92, 235, 'I Triatlo Concelho da Lourinhã', 'Geral', 1, true, '19890716FTP001-001A-01.pdf'),
  (93, 240, 'III Triatlo do Coimbrão', 'Geral', 1, true, '19890722FTP001-001A-01.pdf'),
  (94, 245, 'VI Triatlo de Peniche', 'Geral', 1, true, '19890815FTP001-001A-01.pdf'),
  (95, 246, 'VI Triatlo de Peniche', 'Femininos', 1, true, '19890815FTP001-002A-01.pdf'),
  (96, 247, 'VI Triatlo de Peniche', 'Escalões Masculinos', 1, true, '19890815FTP001-003B-01.pdf'),
  (97, 249, 'VI Triatlo de Peniche', 'Equipas Masculinas', 1, true, '19890815FTP001-005A-01.pdf'),
  (98, 250, 'I Triatlo de Oliveira de Frades', 'Geral', 1, true, '19890820FTP001-001A-01.pdf'),
  (99, 254, 'I Triatlo de Oliveira de Frades', 'Geral', 1, true, '19890820FTP001-005A-01.pdf'),
  (100, 255, 'I Triatlo da Carregueira', 'Geral', 1, true, '19890827FTP001-001A-01.jpg'),
  (101, 260, 'II Triatlo de Óbidos', 'Geral', 1, true, '19890910FTP001-001A-01.pdf'),
  (102, 261, 'II Triatlo de Óbidos', 'Escalões Femininos', 1, true, '19890910FTP001-002B-01.pdf'),
  (103, 262, 'II Triatlo de Óbidos', 'Escalões Masculinos', 1, true, '19890910FTP001-003B-01.pdf'),
  (104, 265, 'III Triatlo de Lagos', 'Geral', 1, true, '19890924FTP001-001A-01.pdf'),
  (105, 269, 'III Triatlo de Lagos', 'Equipas Masculinas', 1, true, '19890924FTP001-005A-01.pdf'),
  (106, 270, 'I Triatlo de Ferreira do Alentejo', 'Geral', 1, true, '19890930FTP001-001A-01.pdf'),
  (107, 275, 'Triatlo Médio de Ponte de Sôr', 'Geral', 1, true, '19891007FTP001-001A-01.pdf'),
  (108, 276, 'Triatlo Médio de Ponte de Sôr', 'Escalões Femininos', 1, true, '19891007FTP001-002B-01.pdf'),
  (109, 277, 'Triatlo Médio de Ponte de Sôr', 'Escalões Masculinos', 1, true, '19891007FTP001-003B-01.pdf'),
  (110, 279, 'Triatlo Médio de Ponte de Sôr', 'Equipas Masculinas', 1, true, '19891007FTP001-005A-01.pdf'),
  (111, 280, 'Triatlo de Promoção de Ponte de Sôr', 'Geral', 1, true, '19891007FTP001-006A-01.pdf'),
  (112, 283, 'Triatlo da Golegã', 'Geral', 1, true, '19891014FTP001-001A-01.pdf'),
  (113, 286, 'I Triatlo da Figueira da Foz', 'Geral', 1, true, '19891021FTP001-001A-01.pdf');
